<?xml version="1.0" encoding="UTF-8"?>
<project-private xmlns="http://www.netbeans.org/ns/project-private/1">
    <editor-bookmarks xmlns="http://www.netbeans.org/ns/editor-bookmarks/2" lastBookmarkId="0"/>
    <open-files xmlns="http://www.netbeans.org/ns/projectui-open-files/2">
        <group>
            <file>file:/C:/Users/farah/Desktop/TicketBooking/src/LogInPage.java</file>
            <file>file:/C:/Users/farah/Desktop/TicketBooking/src/End.java</file>
            <file>file:/C:/Users/farah/Desktop/TicketBooking/src/Register.java</file>
            <file>file:/C:/Users/farah/Desktop/TicketBooking/src/MyConnection.java</file>
            <file>file:/C:/Users/farah/Desktop/TicketBooking/src/Start.java</file>
            <file>file:/C:/Users/farah/Desktop/TicketBooking/src/SeatPanel.java</file>
        </group>
    </open-files>
</project-private>
